{
  "Model":{ "Mode": "FixInlet",
"numberofLayer": 14,
  "SingleLayerDepth": 0.5,
  "AvgInGrainMC": 20,
  "AvgInGrainTemp": 20,
  "BinDiameter": 12,
  "BinHeight": 7,
    "PackingFactor": 1,
  "AirflowRate": 1,
    "AirflowNonUnif": 0.15,
  "AirTemp_C": 20,
  "AirRH": 70,
  "Hours_Stop": 50,
    "FanEfficiency": 50,
    "FanPreWarming_C": 0.84
},

  "Date": {
    "InitialSimYear": 2019,
    "InitialSimMonth": 4,
    "InitialSimDay": 11,
    "FinalSimYear": 2019,
    "FinalSimMonth": 4,
    "FinalSimDay": 16
  },

  "graininfo": {
    "D245.4 YD corn": ["D245.4 YD corn",312.3,0.16958,30.205,312.3,0.16958,30.205,1086.3,2971,4810,1.465,0.0356,20700,30.4,1],
    "D245.5 YD corn": ["D245.5 YD corn",374.34,0.18662,31.696,374.34,0.18662,31.696,1086.3,2971,4810,1.465,0.0356,20700,30.4,1],
    "Pu. 03 YD corn": ["Pu. 03 YD corn",406.0441,0.166755,46.7212,238.5935,0.150978,40.3216,1086.3,2971,4810,1.465,0.0356,20700,30.4,1],
    "Pu. 03 Wh corn": ["Pu. 03 Wh corn",288.6909,0.151571,47.2013,239.7757,0.144332,49.5316,1086.3,2971,4810,1.465,0.0356,20700,30.4,1],
    "Pu. 03 Wx corn": ["Pu. 03 Wx corn",253.3213,0.140873,46.3675,173.6,0.123554,50.9301,1086.3,2971,4810,1.465,0.0356,20700,30.4,1]
  }

}